City_ID,City,Country,Lat,Lng,Max Temp,Humidity,Cloudiness,Wind Speed,Current Description
0,Mataura,NZ,-46.1927,168.8643,48.47,92,94,5.26,overcast clouds
1,Nizhniy Odes,RU,63.6445,54.856,67.19,54,79,3.53,broken clouds
2,Sepatan,ID,-6.1189,106.575,92.53,66,20,8.99,few clouds
3,Laguna,US,38.421,-121.4238,66.49,81,1,4.0,clear sky
4,Tasiilaq,GL,65.6145,-37.6368,42.96,72,0,6.64,clear sky
5,Talcahuano,CL,-36.7167,-73.1167,54.54,88,100,8.88,overcast clouds
6,Rikitea,PF,-23.1203,-134.9692,75.61,83,100,13.09,overcast clouds
7,Lebu,CL,-37.6167,-73.65,54.12,93,100,12.08,light rain
8,Oktyabrskoye,RU,43.0645,44.7417,80.74,54,31,4.47,scattered clouds
9,Carnarvon,AU,-24.8667,113.6333,63.75,52,0,18.32,clear sky
10,Busselton,AU,-33.65,115.3333,54.09,69,71,14.99,broken clouds
11,Albany,US,42.6001,-73.9662,69.28,83,100,1.99,overcast clouds
12,Hobart,AU,-42.8794,147.3294,46.11,91,0,8.05,clear sky
13,Vila Velha,BR,-20.3297,-40.2925,63.95,80,1,7.11,clear sky
14,Nuqui,CO,5.7125,-77.2708,76.1,87,96,2.17,light rain
15,Hirara,JP,24.8,125.2833,78.04,93,100,1.74,overcast clouds
16,Abu Samrah,SY,35.3029,37.1841,84.29,31,0,11.34,clear sky
17,Yellowknife,CA,62.456,-114.3525,57.56,54,100,8.01,overcast clouds
18,Hilo,US,19.7297,-155.09,72.81,91,81,1.59,broken clouds
19,Kirov,RU,58.5966,49.6601,87.26,38,46,8.46,scattered clouds
20,Vaini,TO,-21.2,-175.2,75.74,79,29,8.75,scattered clouds
21,Cherskiy,RU,68.75,161.3,68.92,39,81,3.69,broken clouds
22,Padang,ID,-0.9492,100.3543,80.65,85,96,9.15,heavy intensity rain
23,Santa Barbara,US,34.7333,-120.0343,54.82,88,90,0.0,overcast clouds
24,Camacha,PT,33.0833,-16.3333,65.62,68,75,5.75,broken clouds
25,Hasaki,JP,35.7333,140.8333,73.29,75,82,9.55,broken clouds
26,Butaritari,KI,3.0707,172.7902,83.1,71,28,7.2,scattered clouds
27,Provideniya,RU,64.3833,-173.3,49.95,70,61,4.03,broken clouds
28,Agadez,NE,19.75,10.25,97.34,8,13,15.48,few clouds
29,Ushuaia,AR,-54.8,-68.3,33.26,90,37,5.57,scattered clouds
30,Airai,TL,-8.9266,125.4092,64.53,89,95,0.54,overcast clouds
31,Morondava,MG,-20.2833,44.2833,78.66,46,0,6.31,clear sky
32,Baiao,BR,-2.7906,-49.6717,71.13,96,48,2.84,scattered clouds
33,Altagracia De Orituco,VE,9.8601,-66.3814,69.87,95,91,3.15,overcast clouds
34,Punta Arenas,CL,-53.15,-70.9167,36.48,78,81,9.48,broken clouds
35,Ribeira Grande,PT,38.5167,-28.7,66.6,77,75,8.05,broken clouds
36,Roma,US,43.2128,-75.4557,60.94,86,90,1.99,light rain
37,High Level,CA,58.5169,-117.136,59.11,88,90,3.44,overcast clouds
38,Sabang,ID,5.8933,95.3214,82.56,74,51,30.04,light rain
39,Longyearbyen,SJ,78.2186,15.6401,44.44,76,75,5.75,broken clouds
40,Bredasdorp,ZA,-34.5322,20.0403,67.28,59,0,20.45,clear sky
41,Kashi,CN,39.4547,75.9797,89.37,7,0,0.49,clear sky
42,Igarka,RU,67.4667,86.5833,40.89,92,100,19.35,light rain
43,Torbay,CA,47.6666,-52.7314,62.89,91,44,10.71,scattered clouds
44,Nikolskoye,RU,59.7035,30.7861,87.8,34,30,9.57,scattered clouds
45,Sunland Park,US,31.7965,-106.58,79.7,49,20,7.0,few clouds
46,Castro,BR,-24.7911,-50.0119,53.26,98,100,0.87,overcast clouds
47,Kampong Thum,KH,12.7111,104.8887,92.82,53,88,1.28,overcast clouds
48,Thompson,CA,55.7435,-97.8558,39.09,78,45,3.98,scattered clouds
49,Bluff,NZ,-46.6,168.3333,48.79,80,85,19.01,overcast clouds
50,Linxia,CN,35.6003,103.2064,80.17,36,76,12.39,light rain
51,Grindavik,IS,63.8424,-22.4338,46.87,87,75,14.97,broken clouds
52,Hermanus,ZA,-34.4187,19.2345,67.8,70,1,29.77,clear sky
53,Codrington,AU,-38.2667,141.9667,52.07,71,100,16.58,overcast clouds
54,East London,ZA,-33.0153,27.9116,83.34,21,0,16.11,clear sky
55,Strezhevoy,RU,60.7333,77.5889,51.78,47,100,5.19,overcast clouds
56,Bambous Virieux,MU,-20.3428,57.7575,76.21,59,52,12.26,light rain
57,Port Elizabeth,ZA,-33.918,25.5701,82.09,24,0,11.5,clear sky
58,Beringovskiy,RU,63.05,179.3167,40.93,82,20,9.91,few clouds
59,Goderich,CA,43.7501,-81.7165,52.92,70,81,8.1,broken clouds
60,Iqaluit,CA,63.7506,-68.5145,34.7,82,96,28.01,overcast clouds
61,Rio Grande,BR,-32.035,-52.0986,51.94,94,8,3.11,clear sky
62,Abu Kamal,SY,34.4506,40.9171,93.88,21,0,10.25,clear sky
63,Ushtobe,KZ,45.2514,77.9838,73.83,26,67,14.05,broken clouds
64,Caravelas,BR,-17.7125,-39.2481,69.98,90,39,5.37,scattered clouds
65,New Norfolk,AU,-42.7826,147.0587,45.75,87,100,2.53,overcast clouds
66,Thinadhoo,MV,0.5333,72.9333,83.05,74,64,12.19,broken clouds
67,Inirida,CO,3.8653,-67.9239,70.39,99,72,1.92,broken clouds
68,Marystown,CA,47.1666,-55.1483,54.86,100,76,4.94,broken clouds
69,Faya,SA,18.3851,42.4509,85.42,8,20,19.19,few clouds
70,Wanaka,NZ,-44.7,169.15,37.99,73,79,4.12,broken clouds
71,Cabo San Lucas,MX,22.8909,-109.9124,79.41,80,35,12.84,scattered clouds
72,Kodiak,US,57.79,-152.4072,48.58,95,100,5.3,overcast clouds
73,Nanakuli,US,21.3906,-158.1547,77.11,71,6,8.93,clear sky
74,Acapulco,MX,16.8634,-99.8901,78.82,85,100,3.76,overcast clouds
75,Cidreira,BR,-30.1811,-50.2056,57.54,92,15,3.89,few clouds
76,Ancud,CL,-41.8697,-73.8203,45.23,91,100,6.98,overcast clouds
77,Khatanga,RU,71.9667,102.5,62.2,51,29,16.71,scattered clouds
78,Shenjiamen,CN,29.9576,122.298,75.2,77,11,7.72,few clouds
79,San Cristobal,VE,7.7669,-72.225,64.87,94,95,3.22,overcast clouds
80,Eskil,TR,38.4017,33.4131,75.31,39,54,5.35,broken clouds
81,Cape Town,ZA,-33.9258,18.4232,62.1,84,75,4.0,light rain
82,Nonoichi,JP,36.5333,136.6167,73.06,88,56,8.05,broken clouds
83,Chokurdakh,RU,70.6333,147.9167,76.82,22,7,9.62,clear sky
84,Tahta,EG,26.7693,31.5021,99.82,14,0,11.56,clear sky
85,Chaguanas,TT,10.5167,-61.4167,75.04,64,73,4.03,broken clouds
86,Zhangjiakou,CN,40.81,114.8794,87.49,25,45,6.38,scattered clouds
87,Kruisfontein,ZA,-34.0033,24.7314,79.88,26,2,19.71,clear sky
88,Chumikan,RU,54.7183,135.315,43.14,90,100,4.34,light rain
89,Norman Wells,CA,65.282,-126.8329,54.64,88,98,12.08,overcast clouds
90,Avarua,CK,-21.2078,-159.775,73.11,62,4,1.61,clear sky
91,Adrar,MR,20.5022,-10.0711,91.18,12,66,15.32,broken clouds
92,Nanortalik,GL,60.1432,-45.2371,41.27,93,100,1.59,overcast clouds
93,Upernavik,GL,72.7868,-56.1549,39.61,63,0,4.27,clear sky
94,Jamestown,US,42.097,-79.2353,57.09,95,93,5.73,overcast clouds
95,Rawa Mazowiecka,PL,51.7644,20.2549,87.71,56,26,5.68,scattered clouds
96,Kapaa,US,22.0752,-159.319,73.38,78,4,10.07,clear sky
97,Mahebourg,MU,-20.4081,57.7,76.24,60,52,12.3,light rain
98,Ponta Do Sol,PT,32.6667,-17.1,70.72,65,66,4.14,broken clouds
99,Tuatapere,NZ,-46.1333,167.6833,48.81,84,90,7.72,overcast clouds
100,Wadi Musa,JO,30.3222,35.4793,77.36,30,0,9.62,clear sky
101,Calvinia,ZA,-31.4707,19.776,56.43,67,1,14.2,clear sky
102,Bengkulu,ID,-3.8004,102.2655,83.08,71,90,10.0,overcast clouds
103,Maldonado,UY,-34.6667,-54.9167,44.22,90,0,3.78,clear sky
104,Ahuimanu,US,21.4447,-157.8378,76.86,73,30,8.75,scattered clouds
105,Luderitz,NA,-26.6481,15.1594,65.39,64,0,10.31,clear sky
106,Victoria,HK,22.2855,114.1577,85.32,86,100,4.0,overcast clouds
107,Puerto Ayora,EC,-0.7393,-90.3518,72.55,92,100,4.0,overcast clouds
108,Rancho Palos Verdes,US,33.7445,-118.387,66.38,91,29,1.99,scattered clouds
109,Verkhoyansk,RU,67.5447,133.385,80.38,19,11,8.66,few clouds
110,Eyl,SO,7.9803,49.8164,90.05,44,13,24.63,few clouds
111,Jiayuguan,CN,39.8167,98.3,82.38,19,98,7.63,overcast clouds
112,Port Hardy,CA,50.6996,-127.4199,55.11,93,63,9.69,broken clouds
113,Narasannapeta,IN,18.4167,84.05,89.17,60,100,11.14,light rain
114,Isangel,VU,-19.55,169.2667,71.22,74,21,9.15,few clouds
115,Talnakh,RU,69.4865,88.3972,46.72,78,100,8.43,overcast clouds
116,Hamilton,US,39.1834,-84.5333,62.04,79,90,1.99,overcast clouds
117,Atuona,PF,-9.8,-139.0333,78.42,80,28,10.25,light rain
118,Akyab,MM,20.15,92.9,84.11,77,98,13.8,overcast clouds
119,Barrow,US,71.2906,-156.7887,37.42,81,1,5.75,clear sky
120,Kaitangata,NZ,-46.2817,169.8464,48.92,80,79,12.12,broken clouds
121,Zhanaozen,KZ,43.3,52.8,99.28,12,0,11.36,clear sky
122,Adelaide,AU,-34.9333,138.6,60.28,55,0,3.0,light rain
123,Zhigansk,RU,66.7697,123.3711,84.4,32,41,8.41,scattered clouds
124,Husavik,IS,66.0449,-17.3389,49.91,95,100,14.29,overcast clouds
125,Karasjok,NO,69.4719,25.5112,62.71,58,93,7.7,overcast clouds
126,Pahalgam,IN,34.0333,75.3333,66.92,42,39,6.46,scattered clouds
127,Pali,IN,25.7667,73.3333,100.42,33,21,10.8,few clouds
128,Salinas,US,36.6777,-121.6555,61.38,78,40,3.44,scattered clouds
129,Kota Belud,MY,6.351,116.4305,85.86,71,99,2.86,heavy intensity rain
130,Llanes,ES,43.4198,-4.7549,60.28,88,100,14.12,overcast clouds
131,Placido De Castro,BR,-10.3353,-67.1856,70.09,81,40,1.05,scattered clouds
132,Union,US,40.6334,-74.2663,73.33,92,75,1.01,broken clouds
133,Geraldton,AU,-28.7667,114.6,59.41,67,75,9.22,broken clouds
134,College,US,64.8569,-147.8028,60.91,84,92,3.31,overcast clouds
135,Lagoa,PT,39.05,-27.9833,63.84,75,100,8.59,overcast clouds
136,Qaanaaq,GL,77.484,-69.3632,35.15,70,12,10.47,few clouds
137,Calamar,CO,10.2511,-74.9146,75.07,95,100,5.3,overcast clouds
138,Severo-Kurilsk,RU,50.6789,156.125,46.31,87,42,6.11,scattered clouds
139,Ketchikan,US,55.3422,-131.6461,53.74,91,100,3.06,overcast clouds
140,Salalah,OM,17.0151,54.0924,84.36,71,55,11.39,broken clouds
141,Vertou,FR,47.1687,-1.4693,66.9,82,90,9.22,overcast clouds
142,Saint-Philippe,RE,-21.3585,55.7679,76.55,58,25,7.43,scattered clouds
143,Caronport,CA,50.4501,-105.8179,59.68,41,100,9.31,overcast clouds
144,Guerrero Negro,MX,27.9769,-114.0611,64.36,88,62,7.81,broken clouds
145,Kiruna,SE,67.8557,20.2251,56.32,58,90,8.05,overcast clouds
146,Belyy Yar,RU,53.6039,91.3903,69.69,52,0,2.24,clear sky
147,Port Hedland,AU,-20.3167,118.5667,71.65,33,26,5.75,scattered clouds
148,Port Alfred,ZA,-33.5906,26.891,80.56,30,0,25.1,clear sky
149,Dingle,PH,10.9995,122.6711,82.49,77,100,7.23,overcast clouds
150,Alice Springs,AU,-23.7,133.8833,65.75,42,90,12.66,heavy intensity rain
151,Kahului,US,20.8947,-156.47,77.85,77,40,8.05,scattered clouds
152,Shingu,JP,33.7333,135.9833,75.9,83,98,2.77,overcast clouds
153,Kyra,RU,49.5776,111.9753,74.37,47,38,14.32,scattered clouds
154,Araouane,ML,18.9048,-3.5265,93.79,27,9,17.34,clear sky
155,Alofi,NU,-19.0595,-169.9187,75.36,70,2,8.93,clear sky
156,San Miguel,SV,13.4833,-88.1833,73.38,97,100,1.59,overcast clouds
157,Itabera,BR,-23.8619,-49.1372,55.18,92,100,2.66,overcast clouds
158,Mount Isa,AU,-20.7333,139.5,73.17,27,44,5.75,scattered clouds
159,Yar-Sale,RU,66.8333,70.8333,56.19,37,93,12.24,overcast clouds
160,Sechenovo,RU,55.2244,45.8906,83.37,55,99,3.74,overcast clouds
161,Vostok,RU,46.4856,135.8833,70.05,50,82,2.89,broken clouds
162,Taltal,CL,-25.4,-70.4833,56.79,77,98,1.68,overcast clouds
163,Esperance,AU,-33.8667,121.9,51.64,67,93,32.48,overcast clouds
164,Doha,QA,25.2867,51.5333,100.29,39,0,9.22,clear sky
165,Cochrane,CA,51.1834,-114.4687,59.05,67,1,5.75,clear sky
166,Kavieng,PG,-2.5744,150.7967,83.3,76,14,12.37,few clouds
167,Tuktoyaktuk,CA,69.4541,-133.0374,34.0,92,100,15.43,overcast clouds
168,Pontianak,ID,-0.0333,109.3333,89.58,66,40,3.44,scattered clouds
169,Port Moresby,PG,-9.4431,147.1797,81.82,78,40,17.27,haze
170,Puerto Del Rosario,ES,28.5004,-13.8627,71.35,64,75,14.97,broken clouds
171,Hualmay,PE,-11.0964,-77.6139,63.79,85,72,3.71,broken clouds
172,Kem,RU,64.9555,34.5793,81.1,49,96,9.62,overcast clouds
173,Catuday,PH,16.2923,119.8062,82.02,78,83,17.69,broken clouds
174,Palampur,IN,32.1167,76.5333,86.59,39,30,8.86,scattered clouds
175,Qasigiannguit,GL,68.8193,-51.1922,46.65,52,3,6.06,clear sky
176,Dasoguz,TM,41.8363,59.9666,91.51,10,0,15.1,clear sky
177,Bergen,NO,60.392,5.328,62.15,65,20,12.66,few clouds
178,Banda Aceh,ID,5.5577,95.3222,84.72,65,74,20.09,broken clouds
179,Itapora,BR,-22.0799,-54.7874,62.55,89,100,3.94,overcast clouds
180,Saskylakh,RU,71.9167,114.0833,71.55,48,8,18.05,light rain
181,Honningsvag,NO,70.9821,25.9704,49.03,88,75,18.75,broken clouds
182,Stornoway,GB,58.2093,-6.3865,55.36,62,40,14.97,scattered clouds
183,Blagoyevo,RU,63.3667,47.9167,90.81,28,11,9.48,few clouds
184,Champerico,GT,14.3,-91.9167,82.72,81,94,2.39,overcast clouds
185,Duvan,RU,55.695,57.9024,82.72,46,28,12.88,scattered clouds
186,Chuy,UY,-33.6971,-53.4616,54.59,87,96,2.48,overcast clouds
187,Karakol,KG,42.4907,78.3936,70.05,29,73,11.74,broken clouds
188,Savalou,BJ,7.9281,1.9756,75.29,89,100,1.83,light rain
189,Vila Franca Do Campo,PT,37.7167,-25.4333,64.81,68,100,5.12,overcast clouds
190,Yaring,TH,6.8662,101.3689,94.14,63,43,8.88,scattered clouds
191,Coquimbo,CL,-29.9533,-71.3436,54.09,73,0,1.07,clear sky
192,Manokwari,ID,-0.8667,134.0833,80.92,74,46,3.47,scattered clouds
193,Eureka,US,40.8021,-124.1637,55.67,95,38,1.01,scattered clouds
194,Asau,RO,46.4333,26.4,79.95,52,19,4.09,few clouds
195,Hearst,CA,49.6835,-83.6665,35.96,82,98,5.37,overcast clouds
196,Cayenne,GF,4.9333,-52.3333,73.99,100,90,1.14,fog
197,Mangrol,IN,21.1167,70.1167,86.86,65,90,13.65,overcast clouds
198,Pisco,PE,-13.7,-76.2167,63.01,86,80,8.81,broken clouds
199,Sur,OM,22.5667,59.5289,97.3,44,0,8.57,clear sky
200,Mar Del Plata,AR,-38.0023,-57.5575,45.12,47,8,7.0,clear sky
201,Hurghada,EG,27.2574,33.8129,89.17,41,0,15.82,clear sky
202,Kalemie,CD,-5.9475,29.1947,77.54,48,88,13.91,overcast clouds
203,Bahia Blanca,AR,-38.7196,-62.2724,46.49,87,60,10.02,broken clouds
204,Hithadhoo,MV,-0.6,73.0833,83.14,73,70,10.09,broken clouds
205,Yarega,RU,63.4354,53.5765,74.7,45,45,2.57,scattered clouds
206,Dolzhanskaya,RU,46.6311,37.8039,77.92,61,7,11.03,clear sky
207,San Luis,AR,-33.295,-66.3356,42.67,69,5,3.0,clear sky
208,Nome,US,64.5011,-165.4064,57.16,80,100,2.06,overcast clouds
209,Georgetown,MY,5.4112,100.3354,89.89,62,20,6.91,few clouds
210,Sorong,ID,-0.8833,131.25,81.95,72,89,2.86,light rain
211,San Patricio,US,28.017,-97.5169,84.83,89,100,1.81,overcast clouds
212,Casablanca,MA,33.5928,-7.6192,71.82,60,40,1.99,scattered clouds
213,Hambantota,LK,6.1241,81.1185,91.74,66,40,16.11,scattered clouds
214,Quatre Cocos,MU,-20.2078,57.7625,76.08,57,61,11.88,broken clouds
215,Fort Nelson,CA,58.8053,-122.7002,57.36,83,96,3.76,overcast clouds
216,Qui Nhon,VN,13.7667,109.2333,87.71,69,34,14.76,scattered clouds
217,Sao Lourenco,BR,-22.1164,-45.0544,53.38,71,76,1.52,broken clouds
218,Bethel,US,41.3712,-73.414,71.92,93,100,4.99,overcast clouds
219,Wenatchee,US,47.4235,-120.3103,72.52,46,5,7.0,clear sky
220,Ust-Ishim,RU,57.6935,71.1665,65.03,34,63,8.21,broken clouds
221,Iskateley,RU,67.6803,53.1512,62.65,48,68,9.91,broken clouds
222,Karratha,AU,-20.7377,116.8463,71.13,28,37,5.17,scattered clouds
223,Narsaq,GL,60.9167,-46.05,50.22,59,100,0.43,overcast clouds
224,Sitka,US,57.0531,-135.33,49.89,87,90,4.61,overcast clouds
225,Dudinka,RU,69.4058,86.1778,41.23,87,100,25.23,light rain
226,Port Blair,IN,11.6667,92.75,84.83,74,78,17.52,broken clouds
227,Christchurch,NZ,-43.5333,172.6333,46.0,90,75,3.44,broken clouds
228,Celestun,MX,20.8667,-90.4,79.63,84,73,14.09,broken clouds
229,Odweyne,SO,9.4092,45.064,84.07,39,54,24.52,broken clouds
230,Nyurba,RU,63.2842,118.3319,87.93,31,48,2.19,scattered clouds
231,Tiksi,RU,71.6872,128.8694,59.05,49,7,3.4,clear sky
232,Salinopolis,BR,-0.6136,-47.3561,78.03,83,7,8.93,clear sky
233,Viedma,AR,-40.8135,-62.9967,45.93,77,99,9.33,overcast clouds
234,Leningradskiy,RU,69.3833,178.4167,42.49,72,100,7.02,overcast clouds
235,Yining,CN,29.0361,114.5636,87.84,53,2,5.39,clear sky
236,Wanning,CN,18.8003,110.3967,88.23,73,100,10.04,overcast clouds
237,Arraial Do Cabo,BR,-22.9661,-42.0278,67.17,83,36,11.01,scattered clouds
238,Lompoc,US,34.6391,-120.4579,61.09,80,90,1.01,mist
239,Bukama,CD,-9.2,25.85,85.26,27,37,2.57,scattered clouds
240,Qaqortoq,GL,60.7167,-46.0333,50.5,89,100,2.37,overcast clouds
241,Kutum,SD,14.2,24.6667,89.85,21,69,2.82,broken clouds
242,Vardo,NO,70.3705,31.1107,59.2,91,100,1.7,overcast clouds
243,Srednekolymsk,RU,67.45,153.6833,70.92,37,72,4.83,broken clouds
244,Cabinda,AO,-5.55,12.2,78.64,70,93,4.56,overcast clouds
245,Mount Gambier,AU,-37.8333,140.7667,52.88,69,100,10.96,overcast clouds
246,Sambava,MG,-14.2667,50.1667,75.29,59,94,12.82,overcast clouds
247,Samoded,RU,63.6083,40.5111,90.05,33,0,9.4,clear sky
248,Owando,CG,-0.4819,15.8999,73.62,89,100,4.41,light rain
249,Clyde River,CA,70.4692,-68.5914,30.43,100,90,16.11,overcast clouds
250,Riverton,US,40.5219,-111.9391,75.34,32,1,1.99,clear sky
251,Dumai,ID,1.6833,101.45,89.62,55,51,2.89,broken clouds
252,Tadine,NC,-21.55,167.8833,70.2,72,100,11.72,overcast clouds
253,Katsuura,JP,35.1333,140.3,76.19,77,40,10.67,scattered clouds
254,Praya,CV,14.9215,-23.5087,73.94,73,40,17.27,scattered clouds
255,Lufilufi,WS,-13.8745,-171.5986,76.78,78,66,13.09,light rain
256,Cabrobo,BR,-8.5142,-39.31,67.87,96,6,6.96,clear sky
257,Hoi An,VN,15.8794,108.335,94.96,63,96,13.42,overcast clouds
258,Kamalasai,TH,16.3384,103.5756,97.12,47,100,7.58,overcast clouds
259,Alyangula,AU,-13.8483,136.4192,76.06,81,24,12.24,few clouds
260,Matelica,IT,43.2541,13.0106,86.79,57,4,5.35,clear sky
261,Marzuq,YE,14.4,46.4667,94.01,20,1,5.55,clear sky
262,Rawson,AR,-43.3002,-65.1023,44.49,62,100,5.91,overcast clouds
263,Lavrentiya,RU,65.5833,-171.0,45.23,76,100,2.98,overcast clouds
264,Stepnyak,KZ,52.8339,70.7803,60.08,47,74,11.14,broken clouds
265,Ostrovnoy,RU,68.0531,39.5131,68.05,65,78,16.64,broken clouds
266,Teya,RU,60.3778,92.6267,63.61,50,82,6.44,broken clouds
267,Bokoro,TD,12.3807,17.0568,91.99,35,98,7.23,overcast clouds
268,Bubaque,GW,11.2833,-15.8333,78.98,77,100,5.55,overcast clouds
269,Toledo,ES,39.8333,-4.0,69.08,45,5,5.23,clear sky
270,West Plains,US,36.7281,-91.8524,54.55,92,1,0.0,clear sky
271,Madarounfa,NE,13.3087,7.156,86.59,47,74,6.22,broken clouds
272,Upata,VE,8.0086,-62.3989,72.19,96,100,2.44,overcast clouds
273,Parrita,CR,9.5201,-84.3225,74.52,89,95,1.52,overcast clouds
274,Axim,GH,4.8699,-2.2405,79.5,78,100,7.23,light rain
275,Marsh Harbour,BS,26.5412,-77.0636,80.76,83,100,9.17,overcast clouds
276,Grand Gaube,MU,-20.0064,57.6608,76.37,49,79,10.0,broken clouds
277,Opuwo,NA,-18.0607,13.84,68.4,27,0,15.82,clear sky
278,Paracatu,BR,-17.2222,-46.8747,60.35,63,12,1.43,few clouds
279,Sao Joao Da Barra,BR,-21.6403,-41.0511,62.76,91,28,8.28,scattered clouds
280,Sangar,RU,63.9242,127.4739,76.8,52,26,7.74,light rain
281,Alpoyeca,MX,17.6667,-98.5167,68.74,91,100,4.12,overcast clouds
282,Severnyy,RU,50.677,36.5532,84.24,42,0,11.18,clear sky
283,Zabaykalsk,RU,49.6333,117.3167,72.95,49,100,4.34,overcast clouds
284,Hyeres,FR,43.1167,6.1167,82.49,74,0,8.05,clear sky
285,Ganzhou,CN,28.8184,115.4327,84.83,64,8,8.14,clear sky
286,Cedar City,US,37.6775,-113.0619,63.55,23,0,6.02,clear sky
287,Zverinogolovskoye,RU,54.4586,64.8542,70.7,47,86,6.02,overcast clouds
288,Aklavik,CA,68.2191,-135.0107,43.52,76,86,14.16,overcast clouds
289,Ascension,US,30.2169,-90.9001,76.03,97,100,6.6,overcast clouds
290,Mahina,PF,-17.5065,-149.489,74.97,83,0,4.61,light rain
291,Olinda,BR,-8.0089,-34.8553,69.53,88,40,3.44,scattered clouds
292,Suchil,MX,23.6333,-103.9167,65.71,69,85,3.98,overcast clouds
293,Kencong,ID,-8.2833,113.3667,81.52,74,86,6.35,overcast clouds
294,Luba,GQ,3.4568,8.5547,76.32,88,100,4.05,light rain
295,Karaton,ID,-6.3424,106.1045,90.9,73,71,2.28,broken clouds
296,Pangai,TO,-19.8,-174.35,75.72,73,0,6.51,clear sky
297,Slyudyanka,RU,51.6594,103.7061,59.56,71,91,2.06,overcast clouds
298,Lakeside,US,30.13,-81.7682,73.99,92,20,0.0,few clouds
299,Muli,MV,2.9167,73.5667,83.34,74,92,15.32,overcast clouds
300,Koulamoutou,GA,-1.1303,12.4736,74.55,91,99,0.87,moderate rain
301,Khorixas,NA,-20.3667,14.9667,73.54,24,0,17.6,clear sky
302,Fenoarivo,MG,-18.933,47.4354,64.47,39,20,12.66,few clouds
303,Dikson,RU,73.5069,80.5464,33.87,89,16,11.54,few clouds
304,Mayskiy,RU,47.6931,40.1025,87.21,42,14,16.89,light rain
305,Menongue,AO,-14.6585,17.691,69.66,25,50,8.32,scattered clouds
306,Sooke,CA,48.3746,-123.7276,67.01,69,0,8.41,clear sky
307,Beba,CU,22.4437,-79.7253,74.66,95,90,5.53,overcast clouds
308,Mawlaik,MM,23.6333,94.4167,86.67,79,100,1.99,overcast clouds
309,Ciudad Bolivar,VE,8.1222,-63.5497,74.37,89,100,2.68,overcast clouds
310,Saint Leonard,CA,47.173,-67.9247,69.22,98,100,8.93,overcast clouds
311,Srivardhan,IN,18.0333,73.0167,86.56,65,90,8.34,overcast clouds
312,Tahe,CN,52.3333,124.7333,79.86,40,50,7.54,scattered clouds
313,Itarema,BR,-2.9248,-39.9167,73.69,90,83,9.98,broken clouds
314,Aginskoye,RU,51.1,114.53,73.2,53,91,4.7,overcast clouds
315,Saint George,US,37.1041,-113.5841,90.19,13,1,8.05,clear sky
316,Sabana De Torres,CO,7.3915,-73.4957,70.32,95,67,1.14,light rain
317,Feijo,BR,-8.1642,-70.3536,73.94,79,100,1.97,overcast clouds
318,Atar,MR,20.5169,-13.0499,91.04,14,9,7.56,clear sky
319,Aljezur,PT,37.3191,-8.8033,67.23,64,50,12.1,scattered clouds
320,Gympie,AU,-26.1898,152.665,60.31,86,50,3.18,scattered clouds
321,Manakara,MG,-22.1333,48.0167,69.66,77,67,1.74,light rain
322,Ossora,RU,59.2353,163.0719,53.31,66,100,3.13,overcast clouds
323,Salisbury,GB,51.0693,-1.7957,58.53,81,75,18.41,broken clouds
324,Kuito,AO,-12.3833,16.9333,65.16,32,32,7.99,scattered clouds
325,Unai,BR,-16.3575,-46.9061,62.35,65,10,1.19,clear sky
326,Dodoma,TZ,-6.1722,35.7395,75.07,44,56,10.42,broken clouds
327,Shenzhen,CN,22.5455,114.0683,85.21,99,100,4.27,overcast clouds
328,Sault Sainte Marie,CA,46.5168,-84.3333,43.09,81,1,0.0,clear sky
329,Saldanha,ZA,-33.0117,17.9442,63.18,75,2,20.62,light rain
330,Kuusamo,FI,65.9667,29.1833,66.24,72,75,6.91,broken clouds
331,Aykhal,RU,66.0,111.5,79.03,34,65,3.8,broken clouds
332,Siderno,IT,38.2779,16.302,97.34,37,74,6.89,broken clouds
333,Newport,GB,51.5877,-2.9984,62.17,68,22,16.35,few clouds
334,Luebo,CD,-5.35,21.4167,87.67,28,100,4.54,overcast clouds
335,Hami,CN,42.8,93.45,93.4,12,59,6.71,broken clouds
336,Mehamn,NO,71.0357,27.8492,58.91,80,86,20.6,overcast clouds
337,Bairiki,KI,1.3292,172.9752,83.19,71,24,6.93,few clouds
338,Fare,PF,-16.7,-151.0167,79.47,74,3,8.32,clear sky
339,Jalu,LY,29.0331,21.5482,95.02,21,0,8.46,clear sky
340,Aripuana,BR,-9.1667,-60.6333,71.91,80,41,1.66,scattered clouds
341,Bagdarin,RU,54.4333,113.6,65.68,70,100,3.65,light rain
342,Kurilsk,RU,45.2333,147.8833,51.58,73,6,3.09,clear sky
343,Vicosa Do Ceara,BR,-3.5622,-41.0922,62.35,96,48,3.33,scattered clouds
344,Playa Vicente,MX,17.8333,-95.8167,75.65,88,99,3.27,overcast clouds
345,Touros,BR,-5.1989,-35.4608,73.58,85,39,10.16,scattered clouds
346,Marivan,IR,35.5219,46.176,96.96,6,0,9.78,clear sky
347,Vaitape,PF,-16.5167,-151.75,79.9,73,18,8.66,few clouds
348,Pierre,US,44.3683,-100.351,54.99,77,38,3.0,scattered clouds
349,Shache,CN,38.4167,77.2406,89.46,10,0,9.42,clear sky
350,Dori,BF,14.0354,-0.0345,87.8,44,34,16.49,scattered clouds
351,Saint-Pierre,RE,-21.3393,55.4781,76.64,59,20,19.57,few clouds
352,Tilichiki,RU,60.4667,166.1,54.12,65,97,2.35,overcast clouds
353,Birao,CF,10.2849,22.7882,93.74,36,96,3.15,overcast clouds
354,Mus,TR,39.0,41.75,84.15,15,0,8.84,clear sky
355,Te Anau,NZ,-45.4167,167.7167,41.11,85,100,1.41,overcast clouds
356,Half Moon Bay,US,37.4636,-122.4286,62.91,84,90,1.01,overcast clouds
357,Havoysund,NO,70.9963,24.6622,52.68,94,78,17.25,broken clouds
358,Bandarbeyla,SO,9.4942,50.8122,88.41,51,0,24.81,clear sky
359,Dharchula,IN,29.85,80.5333,85.59,60,47,6.11,scattered clouds
360,Lata,PT,40.1629,-8.3327,65.05,74,99,3.76,overcast clouds
361,Meadow Lake,US,34.8014,-106.5436,72.68,51,1,8.1,clear sky
362,Millinocket,US,45.6573,-68.7098,71.42,99,100,5.26,overcast clouds
363,Ambilobe,MG,-13.2,49.05,84.61,36,34,9.51,scattered clouds
364,Wana,PK,32.2989,69.5725,89.49,21,0,12.73,clear sky
365,Kenema,SL,7.8767,-11.1875,74.41,93,97,2.39,overcast clouds
366,San Pedro,PH,14.35,121.0167,88.11,62,99,14.97,overcast clouds
367,Idrinskoye,RU,54.3708,92.1358,68.68,69,94,8.55,overcast clouds
368,Brae,GB,60.3964,-1.353,53.51,66,33,9.86,scattered clouds
369,Manta,EC,-0.95,-80.7333,71.96,87,79,7.4,broken clouds
370,Mahibadhoo,MV,3.7833,72.9667,83.48,75,90,16.46,overcast clouds
371,North Bend,US,43.4065,-124.2243,57.92,94,90,5.75,mist
372,Manado,ID,1.487,124.8455,75.97,88,40,6.91,scattered clouds
373,Binalbagan,PH,10.1948,122.8581,82.94,76,100,5.39,overcast clouds
374,Fomboni,KM,-12.28,43.7425,77.92,68,16,17.49,few clouds
375,Tigil,RU,57.8,158.6667,57.81,63,97,4.9,overcast clouds
376,Kochubey,RU,44.3861,46.5825,93.56,25,2,26.55,clear sky
377,Coihaique,CL,-45.5752,-72.0662,32.05,93,95,2.48,overcast clouds
378,Esna,EG,25.2934,32.554,101.95,11,0,3.02,clear sky
379,Margate,GB,51.3813,1.3862,57.69,76,100,13.0,overcast clouds
380,Juneau,US,58.3019,-134.4197,52.21,98,100,1.92,light rain
381,Tulare,US,36.2666,-118.8009,70.93,23,0,1.99,clear sky
382,Ulladulla,AU,-35.35,150.4667,52.09,87,53,6.73,broken clouds
383,Alma,CA,48.5501,-71.6491,65.25,92,100,14.29,overcast clouds
384,Lasem,ID,-6.6922,111.4527,84.06,71,95,6.53,overcast clouds
385,Yaan,NG,7.3833,8.5667,77.22,78,100,3.22,overcast clouds
386,Mikuni,JP,36.2171,136.1519,69.69,84,46,6.64,scattered clouds
387,Sao Filipe,CV,14.8961,-24.4956,73.49,76,39,8.25,scattered clouds
388,Alenquer,BR,-1.9417,-54.7383,71.8,88,7,3.78,clear sky
389,Zacualpan,MX,21.25,-105.1667,77.72,88,100,3.89,overcast clouds
390,Fort Saint James,CA,54.4333,-124.25,57.18,67,88,3.89,overcast clouds
391,Lorengau,PG,-2.0226,147.2712,82.17,77,57,10.38,broken clouds
392,Kirillov,RU,59.863,38.3813,89.53,33,90,4.65,overcast clouds
393,Chabahar,IR,25.2919,60.643,87.55,68,0,15.12,clear sky
394,Baraki Barak,AF,33.9675,68.9486,81.54,7,0,2.68,clear sky
395,Deputatskiy,RU,69.3,139.9,67.19,30,0,16.53,clear sky
396,Zelenoborskiy,RU,66.845,32.3622,63.88,67,30,6.8,scattered clouds
397,Sakaiminato,JP,35.55,133.2333,70.05,77,0,7.76,clear sky
398,Buritama,BR,-21.0661,-50.1472,62.69,72,39,2.71,scattered clouds
399,Elliot,ZA,-31.3333,27.85,59.68,32,9,15.73,clear sky
400,Rudbar,AF,30.15,62.6,99.01,6,0,18.7,clear sky
401,Praia Da Vitoria,PT,38.7333,-27.0667,66.76,72,75,5.44,broken clouds
402,Hay River,CA,60.8156,-115.7999,57.16,72,75,5.75,broken clouds
403,San Javier,ES,37.8063,-0.8374,82.38,35,0,4.61,clear sky
404,Valley City,US,46.9233,-98.0032,48.94,100,1,8.05,clear sky
405,Moose Factory,CA,51.2585,-80.6094,38.48,92,100,5.21,overcast clouds
406,Guaiuba,BR,-4.0397,-38.6372,76.44,98,60,4.07,broken clouds
407,Berlevag,NO,70.8578,29.0864,58.95,67,75,13.8,broken clouds
408,Snasa,NO,64.2457,12.3778,53.01,60,100,6.46,overcast clouds
409,Bandar-E Lengeh,IR,26.5579,54.8807,95.38,46,0,5.28,clear sky
410,Bonavista,CA,48.6499,-53.1147,52.75,95,91,7.27,overcast clouds
411,Lydenburg,ZA,-25.0978,30.4597,61.39,28,0,4.43,clear sky
412,Namatanai,PG,-3.6667,152.4333,80.91,80,30,9.22,scattered clouds
413,Chalus,IR,36.655,51.4204,86.45,57,0,5.79,clear sky
414,Necochea,AR,-38.5473,-58.7368,47.03,92,7,8.16,clear sky
415,Flinders,AU,-34.5833,150.8552,55.38,84,63,1.01,broken clouds
416,Liaozhong,CN,41.5061,122.7242,82.4,43,76,5.82,broken clouds
417,Khasan,RU,42.4308,130.6434,62.2,77,5,7.85,clear sky
418,Hailar,CN,49.2,119.7,74.12,45,83,1.99,broken clouds
419,Dubbo,AU,-32.25,148.6167,55.53,67,99,11.5,overcast clouds
420,Aden,YE,12.7794,45.0367,88.27,68,0,6.96,clear sky
421,Namuac,PH,18.6109,121.1657,87.55,66,100,10.27,overcast clouds
422,Nerchinskiy Zavod,RU,51.3088,119.61,73.4,63,71,6.31,broken clouds
423,Zafra,ES,38.4167,-6.4167,66.88,50,0,3.2,clear sky
424,Baiyin,CN,36.5583,104.2081,87.53,17,100,17.69,overcast clouds
425,Ust-Omchug,RU,61.15,149.6333,46.51,82,100,2.3,overcast clouds
426,Hawalli,KW,29.2833,47.9972,100.56,32,0,1.99,clear sky
427,Stuttgart,DE,48.7823,9.177,76.28,86,40,4.61,light rain
428,Fremont,US,37.5483,-121.9886,63.21,75,1,1.99,clear sky
429,Presidente Medici,BR,-11.1753,-61.9014,68.56,85,0,3.15,clear sky
430,Avera,US,33.194,-82.5271,75.29,94,100,9.64,overcast clouds
431,Belaguntha,IN,19.8833,84.65,97.25,35,97,6.17,moderate rain
432,Morgan City,US,29.6994,-91.2068,77.0,95,100,5.21,overcast clouds
433,Luganville,VU,-15.5333,167.1667,77.22,87,85,6.64,overcast clouds
434,Kamenka,RU,51.3223,42.7678,86.72,48,3,9.64,clear sky
435,Moussoro,TD,13.6408,16.4901,93.99,35,100,7.9,overcast clouds
436,Henties Bay,NA,-22.116,14.2845,72.23,50,0,3.53,clear sky
437,Mpika,ZM,-11.8343,31.4529,67.84,50,24,10.63,few clouds
438,Lam Luk Ka,TH,13.9323,100.7494,97.99,42,40,8.05,scattered clouds
439,Muros,ES,42.7762,-9.0603,64.24,73,34,12.26,scattered clouds
440,Pevek,RU,69.7008,170.3133,40.73,71,29,4.65,scattered clouds
441,Sibolga,ID,1.7427,98.7792,76.86,90,99,2.48,overcast clouds
442,Road Town,VG,18.4167,-64.6167,76.19,79,100,20.4,overcast clouds
443,Tambovka,RU,50.0969,128.0489,77.11,54,28,7.23,scattered clouds
444,Monrovia,LR,6.3005,-10.7969,78.57,82,86,4.72,overcast clouds
445,Patos,BR,-7.0244,-37.28,67.33,90,13,5.97,few clouds
446,Guayaramerin,BO,-10.8368,-65.3614,67.93,85,0,1.9,clear sky
447,Harwich,GB,51.9419,1.2844,60.48,69,96,13.0,overcast clouds
448,Filingue,NE,14.3521,3.3168,87.37,52,43,18.12,scattered clouds
449,San Carlos Del Zulia,VE,9.0,-71.9135,73.13,94,40,4.85,scattered clouds
450,Cap Malheureux,MU,-19.9842,57.6142,76.46,49,74,10.0,broken clouds
451,Porto Torres,IT,40.835,8.3972,82.09,58,0,7.34,clear sky
452,Mbaiki,CF,3.8678,17.9892,70.81,92,100,2.77,overcast clouds
453,Anadyr,RU,64.75,177.4833,40.87,72,11,6.11,few clouds
454,Los Llanos De Aridane,ES,28.6585,-17.9182,66.13,78,75,14.97,broken clouds
455,Ahipara,NZ,-35.1667,173.1667,55.45,77,3,10.87,clear sky
456,Ngaoundere,CM,7.3167,13.5833,72.05,78,100,3.29,overcast clouds
457,Lisala,CD,2.15,21.5167,70.65,97,100,4.23,overcast clouds
458,Linjiang,CN,41.8069,126.9078,68.29,91,29,2.71,scattered clouds
459,The Valley,AI,18.217,-63.0578,79.11,77,65,21.59,light rain
460,Bend,US,44.0582,-121.3153,67.32,58,1,1.01,clear sky
461,Baruun-Urt,MN,46.6806,113.2792,78.57,26,16,4.05,few clouds
462,Norrtalje,SE,59.758,18.705,83.28,52,56,9.33,broken clouds
463,Kuryk,KZ,43.2,51.65,95.61,19,16,12.73,few clouds
464,Namibe,AO,-15.1961,12.1522,76.87,53,92,3.15,overcast clouds
465,Durusu,TR,41.3053,28.6767,82.38,79,11,4.0,few clouds
466,Kaeo,NZ,-35.1,173.7833,54.32,80,2,4.88,clear sky
467,Klaksvik,FO,62.2266,-6.589,49.12,90,100,28.99,overcast clouds
468,Chengde,CN,40.9725,117.9361,86.47,28,26,8.7,scattered clouds
469,Arrecife,ES,28.963,-13.5477,71.67,56,75,17.27,broken clouds
470,Salihorsk,BY,52.7876,27.5415,83.01,61,13,10.92,few clouds
471,Harper,LR,4.375,-7.7169,79.3,80,81,4.59,light rain
472,Meulaboh,ID,4.1363,96.1285,78.49,85,84,6.06,broken clouds
473,La Ronge,CA,55.1001,-105.2842,48.96,74,84,2.37,broken clouds
474,Mayumba,GA,-3.432,10.6554,76.12,80,100,7.16,overcast clouds
475,Rosario Oeste,BR,-14.8361,-56.4275,68.56,66,8,0.65,clear sky
476,Port Keats,AU,-14.25,129.55,75.74,78,5,7.27,clear sky
477,Merauke,ID,-8.4667,140.3333,79.38,84,26,14.97,scattered clouds
478,Sedalia,US,38.7045,-93.2283,57.56,85,1,5.99,clear sky
479,Diu,IN,20.7141,70.9822,89.94,56,77,15.95,broken clouds
480,Megion,RU,61.0296,76.1136,51.82,50,100,10.71,overcast clouds
481,Luau,AO,-10.7073,22.2247,75.22,30,20,7.31,few clouds
482,Palauig,PH,15.435,119.9045,80.24,86,100,9.89,light rain
483,Abeche,TD,13.8292,20.8324,96.82,26,17,10.29,few clouds
484,Naze,JP,28.3667,129.4833,73.9,79,100,19.89,overcast clouds
485,Cumberland,US,35.0502,-78.8664,79.86,82,75,5.01,broken clouds
486,Aksarka,RU,66.5606,67.7975,55.04,45,86,7.47,overcast clouds
487,Mayo,US,38.8876,-76.5119,73.51,96,75,0.0,mist
488,Ponta Delgada,PT,37.7333,-25.6667,65.12,68,75,4.61,broken clouds
489,Yulara,AU,-25.2406,130.9889,53.44,100,90,8.05,overcast clouds
490,Ypsonas,CY,34.6884,32.9574,81.36,69,20,11.5,few clouds
491,Kieta,PG,-6.2167,155.6333,79.83,84,77,5.7,broken clouds
492,Vikersund,NO,59.9659,9.995,60.19,91,100,7.63,overcast clouds
493,Barrhead,GB,55.7992,-4.3929,61.75,60,8,1.01,clear sky
494,Huarmey,PE,-10.0681,-78.1522,64.81,84,87,3.65,overcast clouds
495,Belaya Gora,RU,68.5333,146.4167,71.87,31,81,13.76,broken clouds
496,Tessalit,ML,20.1986,1.0114,93.51,29,4,13.98,clear sky
497,Kjollefjord,NO,70.9457,27.3465,58.78,83,84,15.86,broken clouds
498,Lakes Entrance,AU,-37.8811,147.981,45.18,73,100,4.09,overcast clouds
499,Andilamena,MG,-17.0167,48.5833,65.26,56,22,11.86,few clouds
500,Bitung,ID,1.4451,125.1824,76.05,78,21,5.41,few clouds
501,San Rafael,AR,-34.6177,-68.3301,44.58,50,42,7.07,scattered clouds
502,Nouadhibou,MR,20.931,-17.0347,68.29,80,39,13.24,scattered clouds
503,Davila,PH,18.4726,120.5763,84.15,79,100,20.8,overcast clouds
504,Labuhan,ID,-6.8844,112.2051,83.95,72,91,7.76,overcast clouds
505,Pedernales,DO,18.0384,-71.744,79.97,75,95,3.36,overcast clouds
506,Yeppoon,AU,-23.1333,150.7333,67.78,80,77,15.48,broken clouds
507,Cerritos,US,33.8583,-118.0648,69.94,82,75,4.0,broken clouds
508,Zvishavane,ZW,-20.3267,30.0665,67.08,44,1,4.7,clear sky
509,Kodinsk,RU,58.6881,99.1844,71.01,36,71,2.73,broken clouds
510,Atambua,ID,-9.1061,124.8925,76.93,80,67,1.86,broken clouds
511,Palmer,US,42.1584,-72.3287,72.37,85,90,0.0,overcast clouds
512,Waingapu,ID,-9.6567,120.2641,80.82,78,98,3.06,overcast clouds
513,Port Hawkesbury,CA,45.6169,-61.3485,67.01,98,99,1.99,overcast clouds
514,Asgabat,TM,37.95,58.3833,97.47,10,0,10.11,clear sky
515,Benguela,AO,-12.5763,13.4055,78.06,60,87,4.47,overcast clouds
516,Launceston,AU,-41.45,147.1667,48.15,94,99,3.0,fog
517,Bambanglipuro,ID,-7.95,110.2833,65.61,82,84,9.91,broken clouds
518,Iracoubo,GF,5.4802,-53.2011,73.6,93,52,6.2,broken clouds
519,Marsa Matruh,EG,31.3525,27.2453,82.58,52,0,5.35,clear sky
520,Pitimbu,BR,-7.4706,-34.8086,72.19,77,75,9.04,broken clouds
521,Escanaba,US,45.7453,-87.0646,46.83,89,66,5.17,broken clouds
522,Kununurra,AU,-15.7667,128.7333,84.18,54,84,8.05,broken clouds
523,Saint-Louis,SN,16.3333,-15.0,85.17,38,100,15.73,overcast clouds
524,Korla,CN,41.7597,86.1469,89.31,18,63,16.2,broken clouds
525,Visnes,NO,59.3556,5.2242,57.58,82,20,21.85,few clouds
526,Nsawam,GH,5.8089,-0.3503,79.03,77,100,5.41,overcast clouds
527,Sao Felix Do Xingu,BR,-6.6447,-51.995,67.39,72,0,1.79,clear sky
528,Weligama,LK,5.9667,80.4167,83.68,70,100,13.62,overcast clouds
529,Alekseyevsk,RU,57.8406,108.3492,78.64,45,67,8.05,broken clouds
530,Osoyoos,CA,49.0331,-119.4524,71.33,55,0,3.2,clear sky
531,Petrila,RO,45.45,23.4167,76.23,49,100,4.97,overcast clouds
532,Presidente Epitacio,BR,-21.7633,-52.1156,66.29,69,91,5.06,overcast clouds
533,Vigrestad,NO,58.5667,5.7,58.96,76,97,21.65,overcast clouds
534,Girvan,GB,55.2426,-4.8555,55.4,67,11,5.37,few clouds
535,Bonthe,SL,7.5264,-12.505,75.45,92,100,5.37,light rain
536,Noumea,NC,-22.2763,166.4572,71.01,99,2,6.69,clear sky
537,Macomb,US,40.4592,-90.6718,53.64,100,1,4.61,clear sky
538,Taraz,KZ,42.9,71.3667,78.28,22,15,11.18,few clouds
539,Borovoy,RU,55.4333,86.0833,54.68,94,75,8.95,light rain
540,Tual,ID,-5.6667,132.75,81.93,74,21,6.55,few clouds
541,Ballina,AU,-28.8667,153.5667,59.77,96,35,9.55,scattered clouds
542,Mabaruma,GY,8.2,-59.7833,72.1,99,99,0.43,overcast clouds
543,Aswan,EG,24.0934,32.907,103.95,11,0,8.01,clear sky
544,Mareeba,AU,-17.0,145.4333,68.72,97,3,3.6,clear sky
545,Fukue,JP,32.6881,128.8419,73.27,78,24,15.14,few clouds
546,Luqiao,CN,28.5808,121.3772,74.98,85,88,8.19,light rain
547,Ulkan,RU,57.243,107.3223,78.1,45,47,5.06,scattered clouds
548,Karatau,KZ,43.1667,70.4667,80.28,21,5,13.24,clear sky
549,Kaseda,JP,31.4167,130.3167,76.6,75,63,1.99,broken clouds
550,Nemuro,JP,43.3236,145.575,53.15,76,8,7.29,clear sky
551,Nizhnyaya Tavda,RU,57.6731,66.1725,64.11,43,77,10.04,broken clouds
552,Paamiut,GL,61.994,-49.6678,42.94,72,100,1.97,overcast clouds
553,Kentau,KZ,43.5206,68.5094,83.46,16,0,9.01,clear sky
554,Candido Mendes,BR,-1.4467,-45.7167,72.73,95,8,3.29,clear sky
555,Bumba,CD,2.1833,22.4667,75.34,82,98,4.34,overcast clouds
556,Pemangkat,ID,1.1667,108.9667,84.29,72,98,12.64,overcast clouds
557,Buluang,PH,13.3068,123.3425,84.69,71,100,8.57,overcast clouds
558,Yarada,IN,17.65,83.2667,93.52,62,75,6.91,haze
559,Wad Rawah,SD,15.1603,33.1397,97.14,25,98,7.52,overcast clouds
560,Baykit,RU,61.67,96.37,65.01,42,48,5.73,scattered clouds
561,Dovers,VC,12.8833,-61.1833,79.68,76,31,16.31,scattered clouds
562,Libohove,AL,40.0311,20.2631,88.68,27,16,6.02,few clouds
563,Berbera,SO,10.4396,45.0143,100.56,29,56,25.08,broken clouds
564,Miles City,US,46.4083,-105.8406,61.77,29,1,0.0,clear sky
565,Takoradi,GH,4.8845,-1.7554,79.95,77,100,8.08,light rain
566,Soyo,AO,-6.1349,12.3689,78.58,70,79,3.96,broken clouds
567,Olafsvik,IS,64.8945,-23.7142,43.77,84,99,14.38,overcast clouds
568,Alta Floresta,BR,-9.8756,-56.0861,65.5,64,4,3.91,clear sky
569,Cornwall,CA,45.0181,-74.7281,61.84,72,90,12.66,overcast clouds
570,Saint-Francois,FR,46.4154,3.9054,67.68,75,75,8.05,broken clouds
571,Hofn,IS,64.2539,-15.2082,47.07,97,100,11.74,overcast clouds
572,Maragogi,BR,-9.0122,-35.2225,74.35,82,55,1.32,broken clouds
573,Dali,CN,25.7,100.1833,74.16,69,76,4.32,broken clouds
574,Fort-Shevchenko,KZ,44.5086,50.263,91.18,27,40,15.08,scattered clouds
575,La Gomera,GT,14.0833,-91.05,74.39,94,100,4.72,overcast clouds
576,Ilulissat,GL,69.2167,-51.1,46.42,42,0,4.61,clear sky
577,Vallenar,CL,-28.5708,-70.7581,51.15,57,0,2.15,clear sky
578,Gerash,IR,27.6652,54.1371,103.19,3,0,9.62,clear sky
579,Alice Town,BS,25.7167,-79.3,82.87,78,82,13.35,broken clouds
580,Auki,SB,-8.7676,160.7034,78.71,85,52,3.74,broken clouds
581,Waterfoot,GB,53.6929,-2.2525,60.4,70,3,1.99,clear sky
582,Murgab,TM,37.4966,61.9714,100.24,13,0,10.33,clear sky
583,Wajid,SO,3.8093,43.2471,87.24,39,6,19.93,clear sky
584,Bin Qirdan,TN,33.1378,11.2197,107.28,12,4,17.56,clear sky
585,Rabo De Peixe,PT,37.8,-25.5833,63.91,68,75,4.61,broken clouds
586,Floro,NO,61.5996,5.0328,61.23,58,20,11.5,few clouds
587,Inuvik,CA,68.3499,-133.7218,43.56,87,75,9.22,broken clouds
588,Ternate,ID,0.8,127.4,81.45,77,60,1.19,broken clouds
589,Arlit,NE,18.7369,7.3853,99.91,7,27,3.8,scattered clouds
590,Faanui,PF,-16.4833,-151.75,79.9,73,17,8.72,few clouds
591,Birjand,IR,32.8663,59.2211,88.09,7,0,12.48,clear sky
592,Kupang,ID,-10.1667,123.5833,82.98,74,75,4.61,broken clouds
593,Nantucket,US,41.2835,-70.0995,72.09,94,90,6.91,mist
594,Durango,MX,24.8333,-104.8333,67.3,53,42,6.26,scattered clouds
595,Hammerfest,NO,70.6634,23.6821,52.25,82,75,12.66,broken clouds
596,Vilcun,CL,-38.65,-72.2333,48.74,91,100,6.49,moderate rain
597,Comodoro Rivadavia,AR,-45.8667,-67.5,40.86,63,52,5.66,broken clouds
598,Cartagena,CO,10.3997,-75.5144,81.55,80,99,9.24,overcast clouds
599,Cravo Norte,CO,6.3017,-70.2041,74.3,93,86,1.54,overcast clouds
600,Namestovo,SK,49.4079,19.4803,81.43,59,16,4.23,few clouds
601,Umm Lajj,SA,25.0213,37.2685,91.85,45,4,18.43,clear sky
602,Aitape,PG,-3.1374,142.3475,80.31,84,66,7.7,broken clouds
603,Puerto Madryn,AR,-42.7692,-65.0385,45.88,61,90,4.47,overcast clouds
604,Akhisar,TR,38.9185,27.8401,84.69,39,0,6.42,clear sky
605,Magdalena,PH,14.1999,121.429,88.41,71,92,9.17,overcast clouds
606,Antananarivo,MG,-18.9137,47.5361,64.36,39,20,12.66,few clouds
607,Cardston,CA,49.2,-113.3019,58.46,50,36,8.55,scattered clouds
608,Bara,NG,10.3744,10.7288,72.32,85,100,11.88,overcast clouds
609,Goma,CD,-1.6792,29.2228,73.83,54,92,5.82,overcast clouds
610,Bintulu,MY,3.1667,113.0333,85.01,69,100,5.88,overcast clouds
611,Windhoek,NA,-22.5594,17.0832,61.11,41,0,1.01,clear sky
612,Constitucion,CL,-35.3333,-72.4167,53.69,72,100,5.19,overcast clouds
613,Atherton,GB,53.5237,-2.4935,62.15,55,4,5.82,clear sky
614,Hays,US,30.0502,-98.0336,75.79,91,100,12.28,overcast clouds
615,Vao,NC,-22.6667,167.4833,69.75,65,7,13.73,clear sky
616,Hovd,MN,48.0056,91.6419,78.73,14,76,4.79,broken clouds
617,Lensk,RU,60.7253,114.9278,80.19,43,30,12.86,scattered clouds
618,Gambela,ET,8.25,34.5833,90.36,44,11,1.43,few clouds
619,Hohhot,CN,40.8106,111.6522,85.14,25,83,7.99,broken clouds
620,Sarkand,KZ,45.41,79.9186,70.97,33,78,17.96,broken clouds
621,Hue,VN,16.4667,107.6,98.71,47,20,11.5,few clouds
622,Toora-Khem,RU,52.4675,96.11,76.32,20,38,4.5,scattered clouds
623,Iquitos,PE,-3.7481,-73.2472,75.24,88,75,3.44,broken clouds
624,Bobo Dioulasso,BF,11.1771,-4.2979,71.73,89,100,9.22,overcast clouds
625,Porta Westfalica,DE,52.2378,8.919,62.74,73,75,8.05,broken clouds
626,Flagstaff,US,35.1981,-111.6513,66.33,27,1,1.99,clear sky
627,San Joaquin,US,37.9333,-121.3011,64.11,84,1,6.91,clear sky
628,Cap Estate,LC,14.0833,-60.95,78.39,75,39,15.01,scattered clouds
629,Lluta,PE,-16.0147,-72.0142,46.42,61,39,0.81,scattered clouds
630,Vite,IN,17.2833,74.55,85.35,50,100,14.5,overcast clouds
631,Tias,ES,28.9611,-13.645,69.55,56,75,17.27,broken clouds
632,Kungurtug,RU,50.5994,97.5228,72.14,24,100,3.83,overcast clouds
633,Lukoyanov,RU,55.0277,44.4786,83.82,55,90,2.55,overcast clouds
634,Krasnyy Chikoy,RU,50.3643,108.7512,64.96,82,66,14.32,broken clouds
635,Bom Jesus,BR,-9.0744,-44.3586,66.81,75,0,1.25,clear sky
636,Pangoa,PE,-12.1167,-73.0,64.69,98,64,2.44,broken clouds
637,Labytnangi,RU,66.6572,66.4183,46.27,77,100,6.8,overcast clouds
638,Westport,US,41.1415,-73.3579,73.74,91,1,1.99,clear sky
639,Qurayyat,SA,31.3318,37.3428,87.55,21,0,11.16,clear sky
640,Seymchan,RU,62.8833,152.4333,60.51,54,99,4.79,overcast clouds
641,Laramie,US,41.3114,-105.5911,55.02,70,1,8.05,clear sky
642,Roald,NO,62.5833,6.1333,61.9,67,20,9.22,few clouds
643,Broome,US,42.2506,-75.833,62.37,91,90,1.01,overcast clouds
644,Poronaysk,RU,49.2167,143.1167,51.28,73,16,10.38,few clouds
645,Owensboro,US,37.7742,-87.1133,60.85,94,1,5.75,clear sky
646,Katete,UG,-0.7818,29.7544,82.09,34,93,2.8,overcast clouds
647,Zyryanovsk,KZ,49.7386,84.2719,62.73,63,81,8.99,moderate rain
648,Flin Flon,CA,54.7682,-101.865,42.8,80,24,4.92,few clouds
649,Homer,US,59.6425,-151.5483,53.04,88,82,3.0,broken clouds
650,Lakhdenpokhya,RU,61.5198,30.1992,74.01,66,57,8.23,broken clouds
651,Nokia,FI,61.4667,23.5,86.58,43,0,13.8,clear sky
652,Accra,GH,5.556,-0.1969,78.67,77,100,7.72,overcast clouds
653,Tevaitoa,PF,-16.7833,-151.5,79.52,75,17,8.46,few clouds
654,Kasongo-Lunda,CD,-6.4667,16.8167,85.82,29,65,4.74,broken clouds
655,Kilinochchi,LK,9.3961,80.3982,85.66,68,98,5.61,overcast clouds
656,Wasilla,US,61.5814,-149.4394,57.4,75,90,1.99,overcast clouds
657,Kamina,CD,-8.7386,24.9906,77.54,31,73,8.25,broken clouds
658,Panjakent,TJ,39.4952,67.6093,89.4,18,0,11.01,clear sky
659,Bereda,ES,43.2686,-7.5406,57.15,100,100,2.53,overcast clouds
660,Andenes,NO,69.3143,16.1194,47.07,93,75,16.11,broken clouds
661,Madingou,CG,-4.1536,13.55,78.31,68,97,2.46,overcast clouds
662,Warmbad,NA,-28.45,18.7333,71.78,26,0,10.87,clear sky
663,Diego De Almagro,CL,-26.3667,-70.05,49.42,42,89,1.19,overcast clouds
664,Lepe,ES,37.2548,-7.2043,66.11,53,0,13.0,clear sky
665,Oranjemund,NA,-28.55,16.4333,62.47,78,1,1.12,clear sky
666,Dunedin,NZ,-45.8742,170.5036,49.8,61,100,15.99,overcast clouds
667,Brandon,US,27.9378,-82.2859,79.02,87,1,1.01,clear sky
668,Chicama,PE,-7.8447,-79.1469,65.08,87,86,2.42,overcast clouds
669,Ixtapa,MX,20.7,-105.2,77.23,94,100,1.21,overcast clouds
670,Arzgir,RU,45.3728,44.2206,97.86,15,2,25.52,clear sky
671,Baltoji Voke,LT,54.6,25.2,86.45,51,40,12.66,scattered clouds
672,Verkhnevilyuysk,RU,63.4453,120.3167,89.69,31,81,1.45,broken clouds
673,Ouallam,NE,14.3188,2.0866,89.94,42,63,15.35,broken clouds
674,Maniitsoq,GL,65.4167,-52.9,45.48,64,99,7.92,overcast clouds
675,Ishigaki,JP,24.3448,124.1572,80.6,94,75,17.27,moderate rain
676,Batagay-Alyta,RU,67.8006,130.4114,80.1,27,16,9.15,few clouds
677,Rumoi,JP,43.9344,141.6428,64.45,81,13,2.13,few clouds
678,Koslan,RU,63.4564,48.8989,87.89,35,16,6.2,few clouds
679,Salta,AR,-24.7859,-65.4117,43.27,74,99,1.74,overcast clouds
680,Sompeta,IN,18.9333,84.6,89.38,61,100,10.25,overcast clouds
681,Ust-Koksa,RU,50.2696,85.6108,57.9,70,97,5.46,overcast clouds
